zone,temperature,vegetation,building_density,population,vulnerability,cooling_access,water_access,hospital_capacity,heat_risk_score,risk_class
Z0001,41.39,6.88,47.88,19628,31.16,19.22,76.66,63.63,57.24,2
Z0002,40.9,7.38,36.09,20247,60.43,12.39,27.9,71.99,63.46,2
Z0003,40.45,21.53,68.3,5425,80.7,24.37,48.04,42.23,66.12,2
Z0004,37.15,62.26,36.64,29898,27.74,86.27,64.34,84.57,27.49,0
Z0005,42.3,45.22,93.25,29807,26.3,36.39,66.58,90.84,58.2,2
Z0006,38.62,19.42,34.52,48336,38.23,36.04,17.18,38.62,51.59,1
Z0007,36.01,25.85,71.32,28909,33.01,41.97,70.32,76.15,39.77,1
Z0008,41.84,10.36,71.27,40005,78.33,24.71,44.15,99.16,69.55,2
Z0009,41.4,46.77,74.5,8665,38.32,12.89,38.39,41.42,61.91,2
Z0010,37.11,75.72,86.96,25622,37.01,54.93,89.62,71.43,35.54,1
Z0011,36.43,15.47,78.42,40322,41.02,62.61,90.8,51.95,41.94,1
Z0012,37.19,79.82,63.12,10957,80.46,87.5,23.76,32.8,43.38,1
Z0013,41.8,49.73,55.01,44052,99.69,57.62,97.4,88.86,56.21,2
Z0014,35.11,59.05,74.31,40190,80.07,79.17,40.62,43.48,40.49,1
Z0015,36.58,5.24,76.94,22261,97.75,78.58,55.69,28.51,55.31,2
Z0016,41.25,68.13,63.0,18035,32.23,78.63,58.54,82.29,44.99,1
Z0017,40.3,5.04,51.07,6276,28.95,42.67,98.68,84.54,48.8,1
Z0018,37.39,23.07,66.88,10161,26.85,53.74,16.23,80.85,46.74,1
Z0019,42.66,14.63,60.89,41031,33.21,57.49,64.59,97.15,57.83,2
Z0020,44.29,61.64,74.84,25428,51.92,70.45,43.61,91.97,61.63,2
Z0021,39.51,23.59,34.16,6378,67.06,30.71,29.82,25.68,57.85,2
Z0022,41.31,22.17,88.85,26654,25.67,31.42,70.21,37.14,60.77,2
Z0023,36.32,75.16,67.12,35976,39.44,52.57,46.64,27.55,37.38,1
Z0024,41.59,31.57,56.72,8550,73.87,98.57,18.86,52.21,60.27,2
Z0025,38.39,69.63,46.16,17465,62.9,22.62,26.51,57.01,48.33,1
Z0026,43.74,10.65,82.52,41066,27.83,68.69,58.65,21.18,67.4,2
Z0027,35.93,61.52,45.36,31634,58.85,29.24,46.09,24.69,40.44,1
Z0028,38.79,78.9,47.24,34819,42.82,72.69,75.75,82.67,34.07,0
Z0029,41.62,41.5,42.34,19267,97.5,62.13,58.8,79.84,58.52,2
Z0030,35.57,48.81,62.69,39807,32.59,96.47,17.21,34.87,35.57,1
Z0031,40.95,55.64,45.29,12856,95.33,61.27,62.1,23.18,57.1,2
Z0032,35.82,54.3,66.74,25733,94.78,28.38,74.46,39.09,46.3,1
Z0033,38.96,55.38,49.5,25720,94.32,94.22,10.84,69.69,51.15,1
Z0034,40.63,12.5,64.95,38153,41.22,93.99,89.28,90.34,48.1,1
Z0035,38.7,16.83,84.19,24825,68.93,98.85,68.86,20.63,53.73,1
Z0036,43.17,27.45,73.12,13800,41.16,90.07,76.82,32.44,59.23,2
Z0037,37.82,20.8,52.29,46565,88.23,55.49,32.6,92.65,52.97,1
Z0038,35.51,52.57,83.91,7889,20.28,79.4,67.34,40.96,32.55,0
Z0039,42.41,46.38,57.8,5633,28.95,95.05,72.19,31.92,49.97,1
Z0040,35.36,32.69,65.91,33166,30.2,37.74,90.91,83.69,33.54,0
Z0041,43.61,72.42,43.65,21353,73.35,41.83,60.39,89.98,57.79,2
Z0042,44.74,61.21,90.17,20514,89.17,97.86,82.97,90.51,64.33,2
Z0043,35.25,60.24,51.59,31982,84.18,87.77,82.97,41.34,32.93,0
Z0044,42.87,13.11,86.69,35847,37.79,83.49,51.43,44.42,64.62,2
Z0045,42.95,22.07,31.54,17656,51.88,35.07,16.25,81.87,63.84,2
Z0046,38.51,43.21,74.17,40141,46.49,12.48,88.93,40.9,49.97,1
Z0047,40.81,78.77,32.49,44096,54.77,75.57,38.23,68.5,43.89,1
Z0048,40.11,33.89,67.48,21693,23.55,49.25,56.79,84.52,49.08,1
Z0049,41.87,75.52,77.91,17912,49.14,16.3,69.78,46.42,57.41,2
Z0050,38.14,68.6,76.78,24681,60.57,70.02,39.36,75.78,45.0,1
Z0051,40.54,19.39,73.22,29847,74.19,91.25,65.4,44.08,57.97,2
Z0052,40.48,5.03,48.65,33173,82.86,64.6,39.0,55.34,62.28,2
Z0053,41.76,43.34,81.59,16120,72.71,35.54,69.75,69.54,62.91,2
Z0054,35.93,76.4,45.27,25343,37.97,27.92,12.2,39.59,37.84,1
Z0055,39.75,68.73,34.73,32160,90.89,61.81,74.65,50.72,46.61,1
Z0056,39.0,16.07,74.7,11985,82.27,29.7,82.37,75.67,58.13,2
Z0057,39.65,46.81,89.64,12953,56.52,82.13,70.08,99.03,48.67,1
Z0058,40.95,76.25,87.94,45150,85.2,90.28,48.41,92.55,53.9,1
Z0059,39.46,16.94,86.0,34495,40.74,32.25,67.39,81.27,55.82,2
Z0060,40.21,52.01,47.85,10077,77.08,31.1,40.23,91.44,54.87,1
Z0061,35.81,16.31,54.9,15014,76.51,15.78,46.68,63.41,50.27,1
Z0062,39.16,20.51,57.31,43278,95.68,11.76,89.26,66.06,58.94,2
Z0063,39.77,75.71,49.41,30558,88.28,95.81,47.71,79.8,45.26,1
Z0064,40.46,50.24,44.34,19380,41.83,53.71,45.0,73.51,48.23,1
Z0065,42.98,59.31,84.63,13364,98.46,58.07,91.62,67.35,64.17,2
Z0066,41.63,11.3,57.86,35257,34.54,33.41,39.46,56.38,61.95,2
Z0067,38.38,70.97,48.09,32627,40.18,17.37,11.74,63.15,46.65,1
Z0068,45.0,31.25,72.26,47713,23.22,12.79,32.26,87.14,70.77,2
Z0069,41.21,22.89,60.78,12496,65.12,29.62,72.95,81.35,59.77,2
Z0070,36.68,50.54,78.62,12506,82.22,24.74,37.99,66.29,51.99,1
Z0071,44.29,48.18,89.02,29596,51.73,74.35,16.84,75.25,68.87,2
Z0072,41.27,12.64,80.21,49843,68.03,20.89,98.55,82.61,63.08,2
Z0073,38.47,37.13,54.09,38158,71.8,11.14,47.81,59.22,54.88,1
Z0074,39.34,32.16,87.95,35129,76.58,49.19,76.04,97.24,55.48,2
Z0075,37.7,65.61,64.98,36686,57.19,84.32,63.32,45.78,39.53,1
Z0076,37.45,75.1,48.13,34543,39.51,51.82,64.93,50.32,35.05,1
Z0077,35.29,68.82,41.82,18901,48.39,33.25,35.17,67.69,33.84,0
Z0078,43.8,46.68,63.58,17521,26.85,74.81,53.97,80.65,56.05,2
Z0079,41.91,53.44,61.9,6130,27.44,29.94,72.26,44.5,53.66,1
Z0080,40.82,40.49,64.51,32885,99.73,59.53,41.66,56.3,63.07,2
Z0081,38.07,22.29,76.88,25679,29.56,58.23,78.6,34.81,46.4,1
Z0082,37.16,41.31,77.1,39382,67.74,98.25,84.94,43.7,41.52,1
Z0083,38.61,27.67,76.02,13295,41.94,97.69,59.8,75.79,44.83,1
Z0084,36.26,70.13,61.91,5803,65.93,52.25,49.64,34.75,40.52,1
Z0085,35.51,75.58,61.05,9282,52.06,16.67,66.65,24.29,37.62,1
Z0086,36.49,47.21,49.75,21265,29.48,78.8,64.57,83.26,30.78,0
Z0087,37.26,44.19,59.28,34014,43.79,62.97,48.59,65.49,41.17,1
Z0088,35.6,77.01,36.45,18617,70.04,33.82,17.31,39.19,39.16,1
Z0089,40.52,16.74,56.55,43916,57.59,12.94,35.93,42.62,64.15,2
Z0090,43.6,10.34,45.17,22337,83.03,66.26,69.51,94.69,65.16,2
Z0091,39.25,45.84,72.1,22408,86.13,16.43,24.93,44.61,63.25,2
Z0092,42.49,47.69,48.76,13149,57.5,37.37,46.23,41.78,60.81,2
Z0093,40.4,37.83,68.87,33313,78.76,64.33,12.33,38.31,63.09,2
Z0094,41.74,69.54,68.16,6359,99.97,70.51,34.26,23.22,63.38,2
Z0095,42.56,40.29,72.35,23229,34.52,62.68,67.13,59.34,56.73,2
Z0096,35.91,31.1,51.67,48917,28.37,24.47,47.05,59.64,39.94,1
Z0097,41.63,35.03,79.43,7404,56.39,38.31,39.09,97.61,62.37,2
Z0098,39.04,43.59,94.23,48100,89.55,51.58,14.88,61.48,63.43,2
Z0099,41.23,42.39,58.73,8382,36.28,59.43,93.49,55.05,48.53,1
Z0100,41.98,14.11,93.25,44903,83.95,73.88,37.97,21.09,73.17,2
Z0101,39.08,21.85,84.69,12435,56.92,20.57,84.89,59.87,56.66,2
Z0102,42.17,43.17,47.77,36621,98.42,31.94,59.61,50.69,65.26,2
Z0103,44.22,43.12,87.16,9575,42.1,81.1,47.34,94.74,63.0,2
Z0104,40.08,66.54,48.38,24566,87.0,62.19,69.39,89.22,47.94,1
Z0105,39.47,41.33,51.61,40614,50.18,93.96,88.26,98.46,39.32,1
Z0106,37.39,33.72,85.64,31920,23.49,77.02,73.47,84.91,39.18,1
Z0107,38.86,54.78,83.35,14968,59.63,13.33,55.21,67.21,54.6,1
Z0108,43.7,70.56,58.62,39468,92.84,11.38,22.97,89.67,70.31,2
Z0109,44.7,10.61,80.8,22368,47.08,72.34,68.49,88.14,68.2,2
Z0110,43.52,69.45,54.7,25752,70.14,89.87,53.92,63.28,56.34,2
Z0111,41.17,22.61,74.49,23833,99.79,77.21,49.06,27.88,67.25,2
Z0112,41.34,70.44,58.84,24625,92.27,14.14,81.65,43.47,59.36,2
Z0113,38.75,15.92,64.53,42088,74.54,26.21,25.76,68.76,61.08,2
Z0114,38.83,56.24,62.35,43217,31.45,51.5,32.86,40.43,46.65,1
Z0115,35.09,65.35,88.58,49407,63.73,16.65,95.07,99.01,37.2,1
Z0116,37.99,77.15,74.87,34939,87.62,27.93,44.62,58.66,51.59,1
Z0117,37.37,47.89,67.36,24348,21.76,84.7,45.62,20.65,39.23,1
Z0118,43.65,63.37,93.28,44741,79.61,84.96,91.26,82.06,60.66,2
Z0119,37.3,65.14,44.24,17460,69.67,71.0,74.88,72.73,35.99,1
Z0120,43.38,52.12,88.72,47358,23.15,80.97,13.0,49.19,62.26,2
Z0121,36.31,73.22,51.24,32230,34.05,21.89,58.55,97.72,32.82,0
Z0122,40.31,73.51,83.98,21840,93.12,94.98,97.06,43.61,50.08,1
Z0123,43.7,65.32,60.44,9934,31.26,96.99,87.41,77.94,47.73,1
Z0124,44.8,77.55,82.3,28971,27.22,45.51,33.8,29.89,64.77,2
Z0125,38.69,61.18,47.04,29970,85.79,94.63,19.75,38.71,48.43,1
Z0126,35.25,71.32,66.49,44982,37.71,15.69,84.15,92.75,31.06,0
Z0127,38.02,35.62,39.09,7438,44.35,54.34,18.75,90.98,44.38,1
Z0128,36.36,39.02,73.58,40402,53.53,76.8,23.91,53.19,44.55,1
Z0129,35.99,41.7,56.53,23333,22.62,43.35,49.9,96.04,34.46,0
Z0130,43.55,12.45,74.57,40682,92.14,68.03,15.45,42.07,78.35,3
Z0131,44.68,76.18,83.57,11007,73.02,67.75,63.74,21.71,66.87,2
Z0132,42.87,23.27,38.19,42000,36.42,84.68,59.88,66.91,53.5,1
Z0133,43.13,22.47,80.33,44058,20.23,87.26,23.02,30.4,63.56,2
Z0134,37.51,18.09,72.97,6689,30.54,42.24,80.96,67.11,44.66,1
Z0135,35.16,24.9,38.24,32588,62.09,77.11,52.86,82.24,34.68,0
Z0136,40.13,13.18,62.75,45311,23.47,80.49,88.03,61.72,46.42,1
Z0137,39.58,77.3,33.95,36390,87.78,48.36,19.72,76.99,49.75,1
Z0138,39.44,72.45,50.94,14721,25.25,34.75,66.98,63.87,40.5,1
Z0139,38.25,79.6,64.49,34734,60.44,48.72,81.38,29.15,42.09,1
Z0140,41.55,70.83,65.84,19091,54.41,89.93,47.24,86.19,49.03,1
Z0141,38.99,59.72,50.32,25481,73.21,43.69,23.74,93.84,50.1,1
Z0142,35.67,67.38,36.06,11328,79.57,43.54,21.71,24.8,41.49,1
Z0143,44.57,47.13,73.55,31922,48.29,69.88,77.53,89.45,60.69,2
Z0144,42.21,77.63,69.03,28045,28.29,55.67,23.93,58.58,53.7,1
Z0145,43.47,31.26,66.16,12529,81.01,61.67,82.65,87.61,63.99,2
Z0146,44.75,66.38,69.88,47119,64.54,64.81,69.2,75.48,62.27,2
Z0147,35.29,25.5,79.56,27270,48.08,26.33,22.89,72.59,47.64,1
Z0148,35.7,60.57,93.17,11013,79.69,29.36,47.78,47.27,48.85,1
Z0149,38.7,59.12,80.49,42197,67.7,89.5,24.0,80.35,49.09,1
Z0150,35.5,11.12,58.8,32788,58.85,49.78,34.59,80.4,45.02,1
Z0151,36.14,37.24,48.41,49465,67.45,57.42,37.76,37.64,43.81,1
Z0152,44.84,9.11,43.29,18843,81.39,78.77,36.05,29.6,73.91,2
Z0153,39.97,37.3,38.4,39903,76.29,55.02,85.0,84.5,48.3,1
Z0154,35.72,69.63,32.75,6228,56.78,17.01,38.18,54.34,36.91,1
Z0155,39.04,53.01,48.82,31544,21.67,39.23,82.12,69.45,39.15,1
Z0156,43.32,73.98,35.73,11937,39.47,63.0,57.16,51.66,50.54,1
Z0157,38.1,30.46,51.65,16018,26.11,66.99,57.75,35.51,42.15,1
Z0158,42.76,31.33,92.28,47299,85.2,31.26,23.18,35.78,77.98,3
Z0159,41.02,62.02,72.61,16609,96.1,66.52,51.76,65.1,58.99,2
Z0160,40.79,56.09,87.33,47139,70.82,66.21,87.78,70.18,53.79,1
Z0161,36.51,10.12,58.74,24845,83.71,63.23,41.67,25.94,52.59,1
Z0162,39.62,7.82,53.97,23813,26.14,87.78,86.98,69.2,43.76,1
Z0163,40.07,39.7,66.03,7688,55.98,82.88,68.67,45.72,50.12,1
Z0164,39.76,16.31,34.02,11783,84.88,85.36,98.41,26.75,49.94,1
Z0165,41.46,7.94,76.0,33797,61.93,64.88,42.75,93.43,63.45,2
Z0166,38.87,63.08,74.13,8431,83.14,68.26,15.93,27.56,55.95,2
Z0167,41.78,26.31,77.04,48028,97.15,64.24,23.53,26.52,72.43,2
Z0168,41.64,73.76,50.17,47995,75.88,45.28,63.55,95.04,52.12,1
Z0169,38.1,33.25,81.46,13375,73.61,84.61,76.49,74.83,47.71,1
Z0170,40.26,53.45,57.52,28712,21.46,37.8,95.61,47.34,43.91,1
Z0171,42.66,19.4,95.0,15154,26.17,86.0,19.1,81.67,63.66,2
Z0172,43.35,71.28,32.45,27070,90.11,65.62,63.75,32.34,58.19,2
Z0173,36.81,56.96,70.61,15848,77.69,13.93,42.79,77.57,49.58,1
Z0174,44.7,50.79,78.91,34420,38.72,31.53,96.9,82.75,62.13,2
Z0175,44.04,19.55,74.09,42383,98.76,51.55,35.36,50.55,78.89,3
Z0176,40.27,77.47,83.1,44627,31.07,32.5,67.71,89.93,46.81,1
Z0177,40.55,12.69,84.98,13170,42.81,78.68,34.55,92.42,57.96,2
Z0178,36.47,37.81,91.52,19551,85.34,89.62,93.74,53.19,44.28,1
Z0179,38.96,33.05,55.1,10348,49.99,12.54,93.77,87.13,47.71,1
Z0180,41.5,64.35,38.94,23800,93.39,52.52,84.8,80.71,51.93,1
Z0181,39.69,51.15,88.88,6245,40.47,85.15,59.39,78.18,47.44,1
Z0182,40.28,13.34,48.73,24736,29.75,31.46,67.51,69.82,52.22,1
Z0183,35.63,67.75,62.49,40130,21.31,56.38,31.77,31.49,33.9,0
Z0184,39.29,51.11,45.64,32300,34.99,70.14,57.11,48.85,42.14,1
Z0185,44.53,45.81,81.12,38267,64.33,45.14,52.31,70.85,70.26,2
Z0186,44.81,24.02,31.06,9427,47.58,75.96,66.54,81.72,59.29,2
Z0187,42.35,29.94,32.88,40783,47.08,67.85,84.73,74.77,50.56,1
Z0188,44.81,40.89,41.85,13837,25.05,79.86,51.19,43.48,58.05,2
Z0189,35.44,19.96,32.72,25321,61.23,99.02,58.87,40.27,34.61,0
Z0190,42.53,19.33,53.2,8132,89.26,39.87,21.2,49.44,72.49,2
Z0191,43.89,60.75,88.15,30339,47.12,26.81,72.29,49.39,65.48,2
Z0192,42.97,25.0,35.37,32820,26.31,64.22,84.01,63.64,51.42,1
Z0193,38.21,11.01,72.96,25086,55.67,74.59,25.0,55.51,54.55,1
Z0194,39.47,59.51,89.25,45294,99.85,34.71,98.2,95.83,54.77,1
Z0195,35.75,52.81,53.62,49525,32.8,12.8,86.38,74.25,33.66,0
Z0196,39.38,14.47,45.34,47281,49.31,44.46,61.05,68.41,51.2,1
Z0197,41.79,76.16,54.18,10038,65.91,57.65,45.82,71.96,53.02,1
Z0198,37.5,13.51,77.82,37705,61.42,92.22,20.6,82.0,50.97,1
Z0199,42.04,21.09,69.77,37191,36.01,22.22,16.66,33.81,68.25,2
Z0200,42.13,79.79,82.68,25944,73.43,73.86,59.5,43.23,57.35,2
Z0201,38.0,16.81,76.12,46792,33.93,42.53,30.18,98.81,50.77,1
Z0202,42.92,22.76,62.11,28651,64.32,43.2,82.33,64.13,63.55,2
Z0203,41.12,11.47,50.1,36369,62.06,79.22,84.1,25.9,55.83,2
Z0204,44.72,53.18,59.25,49571,61.39,21.55,84.61,64.1,65.47,2
Z0205,40.88,62.58,38.39,37955,92.86,14.99,21.17,32.24,62.7,2
Z0206,36.65,29.2,76.11,27676,95.8,56.7,35.56,26.31,55.8,2
Z0207,36.96,76.73,47.84,45961,44.23,58.01,55.23,33.49,35.19,1
Z0208,44.42,16.56,72.82,44658,47.01,93.15,13.71,89.1,68.6,2
Z0209,35.81,76.14,80.12,22344,72.09,79.03,47.49,71.12,37.64,1
Z0210,39.98,52.04,48.83,24798,58.64,82.42,71.65,43.79,45.66,1
Z0211,35.73,9.49,58.57,36735,57.16,40.62,22.93,88.92,47.32,1
Z0212,38.19,79.1,52.45,31130,30.46,43.35,60.55,45.53,37.48,1
Z0213,39.66,25.06,46.11,11344,24.05,95.08,87.77,53.45,39.8,1
Z0214,44.63,72.67,82.88,42859,77.69,27.09,24.34,99.68,71.94,2
Z0215,39.67,70.93,62.33,10901,95.62,55.49,97.0,37.21,49.95,1
Z0216,38.53,8.79,62.17,47877,73.8,35.72,10.74,28.6,63.59,2
Z0217,36.34,24.84,53.78,31427,49.27,46.05,61.33,35.57,43.23,1
Z0218,40.53,10.51,62.78,41035,42.38,99.02,71.24,29.5,52.29,1
Z0219,44.75,34.54,81.67,27222,64.63,42.9,22.98,68.2,76.02,3
Z0220,39.01,8.02,32.53,26826,84.32,56.74,23.4,91.45,55.78,2
Z0221,36.4,74.85,50.7,30752,99.25,76.54,36.93,46.91,41.77,1
Z0222,43.28,44.93,76.07,24647,57.99,11.5,39.81,28.77,71.65,2
Z0223,39.17,28.08,88.42,46239,22.13,52.71,97.04,82.63,45.76,1
Z0224,42.76,48.32,76.89,43241,58.44,57.18,74.91,81.97,59.03,2
Z0225,38.8,66.62,45.74,42523,95.86,19.89,11.7,45.1,57.24,2
Z0226,36.51,56.79,56.67,45073,93.64,88.55,76.23,24.98,40.85,1
Z0227,36.38,20.55,51.13,48399,58.27,43.91,96.1,56.77,40.63,1
Z0228,40.33,45.97,73.93,49613,71.46,72.4,64.91,35.38,55.41,2
Z0229,37.47,46.86,44.62,24504,81.69,73.44,72.12,59.12,41.8,1
Z0230,39.8,47.04,90.74,22921,43.02,61.61,58.89,91.66,50.77,1
Z0231,38.95,30.89,80.25,14599,43.24,35.89,74.27,47.71,52.32,1
Z0232,39.42,24.23,61.14,18242,86.24,34.4,60.58,41.73,60.16,2
Z0233,36.09,60.57,45.55,8326,73.59,57.79,67.42,24.2,38.33,1
Z0234,39.13,58.8,36.54,14009,20.41,59.53,93.62,52.55,34.18,0
Z0235,44.35,70.88,61.03,18071,80.47,35.85,35.69,24.73,70.25,2
Z0236,42.69,53.92,45.09,7444,93.06,25.76,89.4,34.06,62.48,2
Z0237,44.2,79.79,55.8,37465,34.9,77.41,88.51,43.16,50.48,1
Z0238,35.37,27.38,69.18,26957,42.76,99.02,58.9,59.51,35.04,1
Z0239,44.39,68.83,60.42,17636,84.71,39.76,75.8,71.86,64.45,2
Z0240,42.19,6.06,51.91,24334,65.42,78.16,25.79,88.49,63.43,2
Z0241,43.97,67.02,63.49,10684,52.07,18.58,98.35,58.2,59.59,2
Z0242,44.36,5.51,54.93,34277,80.3,95.86,37.18,77.83,70.34,2
Z0243,35.11,54.03,75.03,9071,73.42,51.89,24.37,74.89,43.14,1
Z0244,44.23,71.59,80.04,12694,71.1,94.66,43.08,37.67,63.97,2
Z0245,44.57,40.86,59.57,44697,49.89,73.17,92.15,80.59,58.45,2
Z0246,43.02,66.92,79.52,49586,80.38,88.58,17.37,55.74,64.62,2
Z0247,42.04,10.86,66.67,9047,86.3,91.26,28.19,62.93,67.34,2
Z0248,36.65,69.09,58.72,49583,36.43,62.48,18.18,60.83,37.74,1
Z0249,43.09,39.01,63.36,34936,65.11,60.29,70.55,44.65,62.36,2
Z0250,35.22,24.08,30.2,19280,66.26,14.08,41.01,25.1,44.75,1
Z0251,44.94,75.09,34.49,35937,22.54,46.8,79.21,81.27,50.45,1
Z0252,44.78,53.44,57.32,30066,55.88,92.54,43.97,26.42,63.34,2
Z0253,44.64,70.59,38.64,27791,29.49,99.36,45.38,30.19,52.57,1
Z0254,44.79,67.61,79.15,24553,57.04,74.72,48.17,50.34,64.84,2
Z0255,37.3,39.55,40.08,17352,94.99,75.25,20.16,84.76,47.44,1
Z0256,39.19,62.45,87.44,6025,39.25,16.06,63.45,55.72,51.48,1
Z0257,41.72,70.42,45.91,7899,52.18,31.09,29.55,89.1,53.79,1
Z0258,35.56,42.79,48.8,42755,45.51,63.81,70.53,45.65,33.7,0
Z0259,38.02,15.74,72.91,19486,53.08,34.76,60.1,67.33,52.74,1
Z0260,42.35,18.13,74.12,41428,59.65,97.51,94.74,73.71,56.49,2
Z0261,42.86,28.91,57.06,14779,43.99,26.55,58.41,39.28,63.94,2
Z0262,37.25,69.32,39.38,35344,93.18,60.61,97.1,64.58,37.25,1
Z0263,36.34,23.21,43.22,47382,26.33,50.48,43.4,62.85,38.44,1
Z0264,43.29,8.87,54.52,44647,68.23,88.63,26.93,80.94,66.36,2
Z0265,42.24,46.91,61.16,26821,44.26,91.81,29.06,35.2,56.66,2
Z0266,42.41,61.02,79.03,20898,75.65,73.34,45.7,39.15,62.43,2
Z0267,38.22,26.23,60.31,47514,48.74,33.54,56.15,59.78,50.11,1
Z0268,35.99,78.6,60.52,25986,93.15,43.36,47.25,65.0,41.91,1
Z0269,37.21,15.94,46.95,43275,66.33,47.58,23.72,46.39,51.79,1
Z0270,38.8,67.5,62.45,47900,95.48,40.38,78.7,59.09,50.1,1
Z0271,42.24,60.47,59.95,28080,33.54,74.83,53.95,93.35,49.12,1
Z0272,40.42,53.14,33.82,7216,87.13,16.69,83.62,23.88,55.21,2
Z0273,35.06,15.31,71.0,9454,76.57,10.82,55.52,49.86,50.9,1
Z0274,41.18,55.01,70.07,36667,72.74,11.42,57.9,52.91,62.13,2
Z0275,35.17,59.16,64.82,23788,21.37,83.18,70.66,84.49,24.95,0
Z0276,44.1,13.03,36.26,14758,39.28,65.78,32.72,48.36,64.4,2
Z0277,42.95,10.93,92.35,35080,65.2,99.12,30.33,74.72,69.16,2
Z0278,43.48,54.03,85.78,7076,27.48,44.13,59.74,24.49,62.71,2
Z0279,35.09,17.85,62.49,33436,71.59,39.81,97.96,97.91,39.05,1
Z0280,43.95,73.94,44.93,42144,58.04,14.19,16.69,94.05,63.41,2
Z0281,43.99,47.26,32.14,25610,21.25,28.64,22.98,85.66,58.45,2
Z0282,43.21,74.67,49.45,41959,39.24,85.12,45.02,91.72,49.13,1
Z0283,38.32,61.67,39.1,10139,60.06,97.69,14.83,54.97,41.57,1
Z0284,43.39,30.54,79.99,44033,51.74,79.62,12.67,41.87,69.01,2
Z0285,44.93,41.8,53.13,29603,54.55,71.17,69.46,26.86,64.25,2
Z0286,41.19,64.85,76.35,10376,41.44,44.2,80.55,32.34,52.41,1
Z0287,38.9,32.05,35.95,25202,55.58,78.52,19.2,26.98,49.49,1
Z0288,39.31,46.77,63.31,11769,22.1,41.85,18.38,67.84,49.31,1
Z0289,38.24,33.89,48.97,30414,82.33,75.24,60.36,99.42,45.81,1
Z0290,37.43,44.08,74.55,16108,31.11,37.1,54.38,25.06,46.12,1
Z0291,39.35,36.58,61.48,10041,48.89,94.98,74.88,59.66,44.14,1
Z0292,41.17,39.34,38.81,5443,95.91,39.9,65.82,84.33,58.02,2
Z0293,38.3,30.11,83.01,47666,97.94,22.25,38.86,95.78,61.61,2
Z0294,37.01,28.56,92.7,25915,43.32,72.55,54.19,66.07,46.17,1
Z0295,37.42,33.2,83.07,30751,49.2,93.89,27.98,99.78,44.96,1
Z0296,36.8,62.57,31.75,35252,95.44,28.87,81.79,86.5,39.7,1
Z0297,35.69,68.58,81.68,49104,59.94,67.0,31.78,72.69,39.52,1
Z0298,42.15,64.18,34.81,44186,58.34,46.07,55.6,93.63,50.95,1
Z0299,41.92,45.77,81.4,28562,76.13,83.11,63.44,93.15,58.2,2
Z0300,36.09,23.62,73.21,15901,71.76,13.99,98.52,74.2,46.52,1
Z0301,39.0,61.45,92.77,33210,28.48,18.87,29.98,79.75,52.09,1
Z0302,40.58,56.57,44.37,29518,51.29,79.51,62.97,60.04,45.35,1
Z0303,38.45,6.84,36.8,32261,93.64,17.73,84.82,78.41,54.71,1
Z0304,38.48,30.73,80.98,39151,58.63,52.85,49.43,75.74,52.77,1
Z0305,38.19,27.52,82.66,12542,21.81,40.88,19.84,84.0,50.84,1
Z0306,44.3,60.54,63.54,41169,32.81,60.39,96.26,38.55,55.68,2
Z0307,39.05,18.83,71.63,33320,51.65,76.36,89.48,55.97,48.44,1
Z0308,39.3,5.33,43.96,23241,80.19,82.79,15.63,28.14,59.46,2
Z0309,43.72,19.02,51.19,34986,29.12,70.36,54.05,97.27,58.05,2
Z0310,38.13,34.15,55.52,12486,47.83,86.1,65.56,85.1,40.36,1
Z0311,42.06,27.31,69.94,10554,73.77,38.19,31.47,29.36,70.21,2
Z0312,38.73,15.6,55.25,44087,31.03,44.53,26.72,70.84,51.13,1
Z0313,41.93,53.39,94.99,41366,33.35,36.0,26.84,87.36,61.39,2
Z0314,41.19,69.91,91.87,36759,30.92,83.37,96.74,60.44,45.48,1
Z0315,39.95,56.35,57.02,34088,59.1,17.44,12.78,80.88,56.75,2
Z0316,37.92,25.61,64.94,16023,82.46,60.91,79.53,59.63,50.01,1
Z0317,40.11,47.95,47.41,40593,85.86,43.02,84.03,23.33,54.25,1
Z0318,42.19,45.98,94.34,11711,78.88,68.83,32.28,89.98,66.05,2
Z0319,35.32,24.71,86.04,10700,55.13,99.46,79.81,38.96,38.56,1
Z0320,43.11,49.09,52.79,44994,70.62,24.94,22.53,36.53,68.9,2
Z0321,37.07,9.45,52.8,23421,67.75,25.15,98.11,43.41,48.38,1
Z0322,40.73,76.43,63.44,49518,85.21,22.2,77.51,52.93,55.4,2
Z0323,35.59,25.8,72.63,13696,39.97,74.03,84.56,80.92,34.9,0
Z0324,41.76,41.71,67.53,22610,70.23,43.77,16.8,83.57,64.46,2
Z0325,42.69,35.21,78.74,29187,56.38,53.92,62.38,89.51,61.95,2
Z0326,43.47,11.99,93.19,46604,73.13,42.24,15.7,62.75,79.63,3
Z0327,37.18,37.22,43.77,22598,45.83,35.52,59.26,30.45,43.39,1
Z0328,43.52,64.12,88.12,8172,23.68,66.36,85.3,21.3,56.49,2
Z0329,44.29,16.85,59.67,33036,36.19,71.97,21.87,72.0,66.75,2
Z0330,36.59,74.95,47.81,47899,48.83,17.42,69.81,71.91,35.71,1
Z0331,35.52,51.92,77.19,20344,54.34,18.21,18.57,37.07,47.96,1
Z0332,35.78,49.53,63.76,34167,20.74,72.6,83.54,99.05,27.02,0
Z0333,39.22,14.91,34.6,30104,27.15,82.54,19.29,49.4,47.04,1
Z0334,37.99,33.7,82.87,13725,71.33,70.94,16.16,65.06,55.09,2
Z0335,41.1,17.31,52.83,18962,70.25,23.62,47.05,74.93,63.36,2
Z0336,43.6,11.5,36.53,13071,67.17,44.56,96.69,45.16,63.24,2
Z0337,36.4,25.77,35.48,41267,68.08,74.91,35.64,95.3,40.04,1
Z0338,35.27,68.53,86.93,18464,61.42,55.86,77.31,43.64,37.28,1
Z0339,35.55,72.34,92.05,37432,50.87,31.7,67.43,25.68,41.03,1
Z0340,43.89,5.91,53.47,25740,30.56,87.47,61.15,49.23,61.06,2
Z0341,41.83,62.2,92.04,9783,21.34,16.08,33.6,23.19,62.04,2
Z0342,35.6,64.2,62.93,46194,77.01,79.04,48.12,52.18,37.85,1
Z0343,41.41,45.32,39.92,10478,44.79,56.02,28.29,84.64,52.46,1
Z0344,40.36,34.3,71.23,47587,74.48,15.95,72.88,78.4,60.0,2
Z0345,43.46,9.34,35.6,33474,29.28,65.11,14.95,73.29,62.05,2
Z0346,41.58,18.17,30.82,13992,76.12,24.74,95.77,61.84,57.91,2
Z0347,42.83,59.06,40.85,13318,79.98,88.61,75.96,29.44,54.83,1
Z0348,44.0,30.13,57.91,39331,25.11,74.11,61.9,26.17,60.02,2
Z0349,39.55,32.01,62.47,42151,33.35,24.16,79.6,91.54,48.28,1
Z0350,41.74,13.65,78.15,5168,23.52,87.66,32.01,57.74,58.57,2
Z0351,38.83,16.26,90.53,7317,64.23,92.26,76.66,53.55,52.7,1
Z0352,38.22,36.22,76.82,22777,86.08,61.44,20.75,73.87,56.74,2
Z0353,35.53,21.74,63.53,8009,96.33,16.2,51.86,42.58,53.36,1
Z0354,43.45,29.55,65.95,5522,49.51,36.24,80.61,79.17,62.59,2
Z0355,37.43,32.62,93.17,17807,78.6,59.19,81.64,32.05,52.46,1
Z0356,44.32,6.79,65.2,46677,87.17,88.95,95.59,20.12,70.35,2
Z0357,41.57,68.68,77.27,11812,36.42,98.48,47.78,96.89,47.0,1
Z0358,44.73,15.68,48.19,7877,93.7,90.76,56.78,76.07,69.55,2
Z0359,38.72,78.09,35.52,11263,60.43,67.35,45.49,67.35,39.2,1
Z0360,35.62,54.68,38.5,24115,40.88,38.35,82.07,76.06,29.73,0
Z0361,42.35,28.85,47.68,9894,95.48,22.25,79.31,28.72,67.61,2
Z0362,36.06,38.72,50.41,12912,62.87,96.82,28.69,44.66,39.57,1
Z0363,37.65,13.99,40.24,49961,44.34,73.42,64.3,37.2,42.91,1
Z0364,43.57,16.12,76.23,28313,51.7,14.41,36.9,85.61,73.06,2
Z0365,36.74,76.41,85.55,41434,79.85,32.49,51.58,84.31,45.94,1
Z0366,36.4,5.9,83.97,19567,30.46,84.13,43.5,70.42,44.19,1
Z0367,41.45,48.67,46.82,9914,21.74,15.8,91.22,55.47,48.85,1
Z0368,36.29,72.88,83.91,26728,29.8,94.81,14.56,93.93,34.36,0
Z0369,39.33,59.33,62.25,30082,74.66,25.55,29.32,34.97,57.39,2
Z0370,37.8,71.26,32.25,45578,69.36,68.26,54.9,90.62,36.1,1
Z0371,39.79,11.58,54.9,32474,35.96,89.62,57.32,70.46,48.04,1
Z0372,43.02,64.61,94.31,28534,58.37,80.33,40.96,65.25,61.88,2
Z0373,38.22,25.28,31.69,44132,37.52,90.62,80.07,24.69,37.93,1
Z0374,44.92,44.71,79.84,20254,97.92,19.01,69.12,41.32,78.83,3
Z0375,43.16,73.79,33.63,19379,66.06,98.44,44.96,94.82,49.29,1
Z0376,44.92,18.03,45.38,25840,84.5,72.79,92.26,22.26,68.91,2
Z0377,42.01,76.07,66.63,41903,95.87,85.3,82.94,97.63,52.28,1
Z0378,40.42,18.17,32.47,8681,38.61,29.69,57.38,20.05,54.49,1
Z0379,44.18,20.11,38.48,16630,93.5,85.99,39.12,21.75,70.72,2
Z0380,40.87,73.79,80.33,39491,88.85,96.45,43.62,95.35,53.13,1
Z0381,38.96,12.58,49.61,13942,98.07,75.91,49.32,71.14,56.05,2
Z0382,39.87,28.8,75.97,41829,75.48,93.6,80.83,37.86,53.68,1
Z0383,40.89,18.15,49.94,24301,30.19,75.59,95.39,95.9,45.07,1
Z0384,38.92,79.57,92.74,7122,34.57,38.64,82.79,68.91,43.32,1
Z0385,41.4,12.81,62.25,26703,79.63,31.42,98.41,33.43,63.9,2
Z0386,43.85,11.65,76.08,46884,78.34,40.22,11.03,36.77,81.01,3
Z0387,41.93,31.29,81.16,5083,23.85,49.44,47.77,33.31,60.47,2
Z0388,39.14,71.13,52.83,29598,28.11,53.15,87.76,72.08,36.2,1
Z0389,41.87,17.2,34.79,7189,43.59,38.68,95.65,25.94,55.06,2
Z0390,36.7,33.16,77.58,40851,95.35,98.02,40.42,98.82,47.28,1
Z0391,43.93,57.84,58.04,47836,33.2,90.08,24.14,28.1,58.98,2
Z0392,37.06,19.25,75.32,40397,41.22,35.34,31.38,23.97,52.89,1
Z0393,40.72,67.99,39.98,28647,20.31,17.89,84.15,70.01,42.29,1
Z0394,39.8,12.27,43.45,46824,43.34,17.37,85.94,44.67,53.02,1
Z0395,38.97,41.68,72.97,10972,71.35,44.88,43.39,50.52,55.97,2
Z0396,36.87,8.35,58.58,22262,38.1,34.17,15.55,80.18,49.87,1
Z0397,41.67,11.43,52.35,40484,53.12,78.08,30.48,24.88,62.03,2
Z0398,38.87,44.19,92.77,36118,65.82,31.21,36.9,51.58,59.38,2
Z0399,43.54,7.6,67.13,38870,84.04,70.98,65.82,29.62,71.99,2
Z0400,42.57,17.97,93.98,18886,84.68,21.36,48.1,99.06,74.92,2
Z0401,39.35,79.8,70.77,43997,40.63,91.97,92.28,25.36,38.11,1
Z0402,38.88,34.8,51.2,23101,61.58,92.54,11.11,76.03,49.17,1
Z0403,40.88,63.63,37.31,14806,31.86,62.91,78.25,95.17,39.58,1
Z0404,44.25,47.2,36.56,23749,89.4,89.21,89.01,41.13,59.68,2
Z0405,41.55,47.9,60.75,16285,42.03,22.95,64.78,75.49,55.33,2
Z0406,35.39,71.72,51.55,20569,23.94,52.77,34.17,49.8,30.55,0
Z0407,38.38,64.52,50.21,37218,88.66,71.64,97.52,38.24,42.46,1
Z0408,38.0,60.78,80.31,26028,41.55,47.51,68.1,35.03,44.86,1
Z0409,37.11,66.8,78.16,38849,89.38,83.89,56.37,32.72,45.79,1
Z0410,38.11,43.01,38.82,39359,90.35,12.61,27.35,86.63,53.93,1
Z0411,43.37,23.71,59.67,28617,76.37,34.66,84.12,60.41,67.06,2
Z0412,41.35,14.29,31.99,29409,59.1,50.15,96.45,57.97,53.02,1
Z0413,40.51,30.82,84.45,21951,79.92,72.0,35.66,50.93,63.26,2
Z0414,36.63,47.92,92.72,19506,71.79,70.99,34.22,52.76,49.22,1
Z0415,35.2,63.52,79.89,5583,57.93,21.91,25.59,84.07,42.79,1
Z0416,37.24,50.63,91.3,47122,42.03,90.59,86.64,56.72,38.56,1
Z0417,37.18,27.66,63.84,45868,51.77,19.21,56.04,72.99,48.57,1
Z0418,43.43,33.07,72.08,44914,42.61,71.6,53.36,46.9,62.7,2
Z0419,37.76,29.39,48.0,47999,76.89,90.31,36.89,31.99,48.3,1
Z0420,42.65,72.48,82.35,44323,52.33,38.76,22.59,22.04,65.06,2
Z0421,39.97,27.17,88.95,31515,51.06,13.18,73.73,65.76,59.87,2
Z0422,36.9,59.49,44.45,40037,71.07,52.82,94.66,48.68,36.92,1
Z0423,38.0,17.75,72.74,41585,34.49,18.78,21.51,40.69,56.36,2
Z0424,43.08,62.22,41.9,49545,91.97,68.9,30.0,37.87,63.21,2
Z0425,43.71,36.54,87.64,29358,40.84,36.46,86.61,57.64,64.75,2
Z0426,43.66,48.77,91.38,9667,57.78,27.51,20.78,74.46,72.5,2
Z0427,40.3,35.98,86.61,14881,30.99,28.03,46.83,65.55,57.37,2
Z0428,44.07,39.32,50.56,16819,82.32,53.88,66.79,34.15,67.46,2
Z0429,41.34,5.35,47.78,16049,66.1,24.26,80.67,82.38,60.7,2
Z0430,36.29,37.53,57.91,33116,97.23,44.5,13.4,35.95,53.94,1
Z0431,38.73,6.06,50.94,39801,35.25,70.91,66.4,39.91,47.49,1
Z0432,41.94,30.83,38.38,30136,60.27,37.55,15.88,23.66,64.45,2
Z0433,44.48,39.19,63.82,39348,47.03,89.92,99.59,47.42,57.88,2
Z0434,44.01,31.94,42.25,31436,21.53,30.19,98.64,36.9,57.09,2
Z0435,35.22,42.85,38.01,47633,83.37,43.77,67.63,81.7,37.21,1
Z0436,41.23,49.54,33.12,12085,72.29,11.78,72.08,53.34,56.02,2
Z0437,38.8,46.05,60.84,15035,36.44,71.72,10.84,53.67,48.15,1
Z0438,36.01,44.02,70.48,13989,53.51,90.88,56.04,69.42,36.86,1
Z0439,37.83,63.86,62.35,44911,35.98,33.67,57.08,36.13,42.77,1
Z0440,42.03,27.15,32.56,37529,92.83,71.94,53.26,38.76,61.38,2
Z0441,35.13,11.68,37.18,42627,73.52,23.42,18.11,60.94,48.04,1
Z0442,42.24,12.6,46.63,20149,56.54,97.96,33.77,24.01,60.92,2
Z0443,43.13,70.56,85.4,28607,84.13,38.14,76.47,27.6,66.4,2
Z0444,42.58,8.44,85.38,48473,71.78,39.58,90.51,96.41,67.22,2
Z0445,37.68,59.98,54.22,27460,34.63,46.07,96.61,41.75,36.02,1
Z0446,38.86,68.8,81.99,47522,90.89,25.01,21.93,78.11,58.58,2
Z0447,44.82,68.33,36.74,43715,58.61,61.2,49.43,68.91,58.99,2
Z0448,42.79,50.85,86.07,13562,58.65,53.93,89.88,55.26,60.31,2
Z0449,35.63,54.12,30.8,49428,61.99,76.93,75.14,37.92,30.6,0
Z0450,44.56,70.49,63.74,45516,27.62,69.55,32.37,47.66,59.23,2
Z0451,41.76,33.87,84.54,41591,91.36,65.16,11.05,94.75,69.24,2
Z0452,40.06,40.2,62.23,15839,25.99,54.25,31.68,97.61,48.9,1
Z0453,35.5,21.7,71.82,31429,85.37,17.09,49.98,65.84,51.83,1
Z0454,35.88,42.38,50.54,37595,79.62,11.6,46.31,22.87,48.87,1
Z0455,40.49,66.94,81.47,45571,71.0,90.11,60.61,72.37,50.61,1
Z0456,39.56,30.56,83.65,19609,87.55,39.88,79.07,68.0,59.49,2
Z0457,42.17,32.25,59.41,11385,80.75,29.96,40.72,86.39,66.3,2
Z0458,44.64,26.9,63.93,11967,23.66,24.77,22.64,77.35,69.43,2
Z0459,42.22,13.02,69.71,17290,29.66,86.7,29.4,85.96,58.69,2
Z0460,36.91,30.35,79.21,8047,94.13,85.37,62.99,81.77,48.24,1
Z0461,39.51,54.38,92.15,13823,97.11,10.39,76.26,64.26,61.87,2
Z0462,39.33,48.88,90.08,16613,75.35,25.63,83.37,28.28,58.15,2
Z0463,41.58,50.46,50.92,30209,53.49,64.81,72.33,39.86,52.11,1
Z0464,38.98,30.71,49.12,13740,31.05,64.23,89.78,60.98,40.91,1
Z0465,43.43,46.09,50.4,41279,70.61,28.08,66.18,43.25,64.94,2
Z0466,38.45,55.43,93.79,47604,98.01,26.0,58.82,70.95,58.78,2
Z0467,42.1,62.06,66.55,43194,65.65,70.04,47.57,79.83,56.08,2
Z0468,43.41,26.44,85.07,5836,61.82,12.27,23.08,73.62,76.09,3
Z0469,37.0,61.26,40.46,23783,74.67,23.18,15.58,82.75,46.06,1
Z0470,37.04,45.59,53.31,34661,28.2,88.12,76.55,89.19,30.58,0
Z0471,42.42,47.1,45.44,23850,75.43,14.23,44.34,53.33,64.82,2
Z0472,42.88,56.39,92.78,8525,21.04,32.62,65.85,82.47,58.29,2
Z0473,43.7,67.25,89.25,47443,49.42,62.95,76.46,35.72,61.09,2
Z0474,42.25,19.51,59.17,49738,25.96,96.62,76.16,29.55,52.83,1
Z0475,35.41,25.93,47.18,15546,66.72,32.95,39.75,76.78,43.3,1
Z0476,36.55,16.53,50.97,8332,81.89,66.28,85.88,44.09,44.67,1
Z0477,42.9,46.26,34.74,25831,62.03,96.13,56.85,82.9,51.83,1
Z0478,36.59,45.73,56.22,27898,37.7,29.2,39.87,48.86,42.66,1
Z0479,37.18,61.45,64.48,41787,85.9,98.3,10.79,73.52,45.31,1
Z0480,39.46,72.84,69.89,45706,39.51,13.59,89.71,50.51,46.0,1
Z0481,42.96,13.5,46.68,23535,21.98,56.52,79.34,61.14,55.52,2
Z0482,40.09,41.51,49.27,47698,35.4,56.25,95.34,33.39,44.91,1
Z0483,44.56,45.35,30.48,9290,36.86,66.66,29.19,74.83,58.66,2
Z0484,43.36,20.42,83.87,33523,71.72,94.58,77.22,32.3,66.55,2
Z0485,39.59,29.88,35.69,8556,34.24,32.67,16.34,85.73,50.6,1
Z0486,44.11,35.57,59.32,31505,54.64,11.52,70.6,62.79,67.74,2
Z0487,41.41,51.38,79.14,43378,23.64,86.34,42.19,60.23,51.09,1
Z0488,37.9,56.44,69.43,23449,81.22,49.39,45.56,72.86,49.69,1
Z0489,39.74,45.01,38.86,30624,83.74,86.45,36.55,70.72,50.02,1
Z0490,37.98,71.52,92.75,47463,49.85,95.45,59.82,64.41,40.86,1
Z0491,36.23,5.38,68.78,40202,63.8,17.66,28.9,79.31,54.16,1
Z0492,42.26,20.88,88.87,38590,31.4,26.56,65.52,40.22,65.47,2
Z0493,36.15,55.32,66.87,8564,88.11,93.91,99.49,56.9,36.2,1
Z0494,40.5,26.8,34.38,11435,35.79,62.25,95.64,48.57,44.78,1
Z0495,41.71,22.59,48.53,9574,92.01,38.6,50.56,69.31,65.45,2
Z0496,38.06,48.81,66.76,28887,84.62,96.28,25.18,45.06,50.16,1
Z0497,42.86,58.41,71.65,23132,87.21,22.09,75.97,90.23,64.32,2
Z0498,39.63,31.91,49.86,41154,28.71,68.1,17.38,42.45,50.21,1
Z0499,43.26,71.85,42.77,46066,26.12,16.79,11.68,60.57,58.47,2
Z0500,35.31,48.64,56.33,43668,37.02,13.3,33.46,91.52,38.39,1
Z0501,40.4,54.04,39.66,30722,37.86,79.49,75.99,43.28,42.0,1
Z0502,39.65,43.28,55.79,37910,20.85,31.5,96.76,98.55,41.19,1
Z0503,41.84,61.79,39.12,15434,34.33,95.38,69.35,97.42,40.93,1
Z0504,42.36,41.26,53.32,19340,80.92,30.86,33.79,38.72,67.62,2
Z0505,41.69,43.84,81.44,30434,57.57,50.92,14.18,98.45,62.9,2
Z0506,38.24,57.78,63.89,22923,86.79,33.7,58.99,33.91,52.69,1
Z0507,41.54,32.4,72.47,10101,61.33,43.87,91.65,61.31,58.2,2
Z0508,38.53,70.08,61.65,36595,90.97,10.59,89.38,55.19,50.21,1
Z0509,37.3,43.59,48.25,14846,34.95,42.6,74.56,29.47,39.65,1
Z0510,37.3,65.84,76.82,36556,74.02,53.11,63.17,71.78,44.44,1
Z0511,39.11,23.28,38.31,43820,32.89,66.66,13.53,65.78,48.21,1
Z0512,35.56,24.37,41.7,31571,67.95,60.72,11.68,77.56,43.35,1
Z0513,41.62,26.26,35.57,34438,68.52,52.43,53.35,37.55,59.07,2
Z0514,39.11,15.7,67.87,16919,69.86,55.97,25.09,74.85,58.78,2
Z0515,44.22,49.74,34.47,29786,50.84,19.77,28.21,88.77,63.77,2
Z0516,40.04,36.48,39.72,11311,34.19,91.14,63.98,90.22,40.72,1
Z0517,40.31,61.43,36.06,48213,30.43,64.31,84.48,91.76,37.23,1
Z0518,42.75,53.69,63.93,29273,89.99,72.79,48.61,95.07,61.39,2
Z0519,39.82,62.65,52.78,42756,27.82,22.05,52.94,38.6,47.73,1
Z0520,43.59,26.25,86.99,31781,40.62,10.49,76.93,20.57,71.21,2
Z0521,40.23,43.98,54.38,18462,75.02,38.43,42.6,32.38,58.77,2
Z0522,41.52,24.02,85.57,32758,65.17,65.07,99.26,51.8,59.53,2
Z0523,37.04,46.41,66.24,16712,49.62,59.94,32.84,44.53,45.02,1
Z0524,38.44,57.91,77.83,48206,29.53,30.68,80.48,95.94,41.83,1
Z0525,36.0,43.13,81.1,41082,69.12,71.61,14.68,51.13,47.89,1
Z0526,41.36,65.33,83.51,35911,94.07,49.18,15.77,37.74,67.53,2
Z0527,35.8,7.83,54.98,31256,69.12,56.89,74.04,67.8,43.36,1
Z0528,44.46,66.52,71.62,33768,20.86,86.55,93.77,61.45,51.16,1
Z0529,36.95,63.8,63.19,20182,69.22,70.66,42.38,72.4,41.21,1
Z0530,44.76,11.51,47.94,31177,48.25,45.56,62.75,61.42,68.07,2
Z0531,42.37,10.15,35.86,23644,78.09,60.32,62.46,47.8,63.01,2
Z0532,43.16,21.97,92.6,34803,94.38,61.74,33.5,52.57,77.06,3
Z0533,36.06,10.43,49.13,12668,84.24,96.1,88.85,85.05,38.89,1
Z0534,40.75,57.06,92.79,41907,58.69,31.89,40.57,82.05,60.06,2
Z0535,41.82,72.24,86.03,36586,29.3,16.08,67.03,99.54,53.62,1
Z0536,41.77,22.24,50.52,28140,61.32,10.88,84.9,39.86,62.18,2
Z0537,35.93,55.53,83.37,9982,64.36,26.06,38.25,37.49,48.32,1
Z0538,40.74,18.71,78.5,17462,59.92,27.97,76.19,89.82,60.26,2
Z0539,37.07,20.21,46.23,45540,48.48,80.1,20.79,26.28,45.98,1
Z0540,44.56,41.95,30.43,40486,96.64,86.32,43.41,45.23,66.21,2
Z0541,43.98,71.07,67.34,23004,59.26,98.6,92.44,42.42,54.05,1
Z0542,37.22,48.25,33.52,32733,58.27,58.67,55.22,51.5,39.23,1
Z0543,41.86,18.11,93.47,38961,56.81,72.03,11.06,36.86,70.26,2
Z0544,40.81,29.41,69.83,22019,34.97,33.66,34.25,96.68,57.12,2
Z0545,38.43,18.79,57.56,32465,76.06,43.51,86.89,42.37,52.36,1
Z0546,36.8,14.84,67.43,19979,85.14,74.87,82.37,64.43,47.11,1
Z0547,43.56,19.7,82.0,14800,57.84,10.88,47.94,30.76,76.29,3
Z0548,43.93,52.3,64.71,25691,82.83,37.0,60.59,65.43,68.05,2
Z0549,38.98,56.79,33.9,21665,58.12,66.69,50.49,46.77,43.18,1
Z0550,38.61,47.03,90.57,21889,47.53,47.06,41.6,74.37,51.91,1
Z0551,41.06,48.26,72.24,40287,33.96,80.23,41.96,73.86,50.95,1
Z0552,39.87,60.24,87.83,29973,69.09,51.74,96.09,89.46,49.87,1
Z0553,41.41,74.64,57.42,45128,65.73,86.4,16.42,32.96,54.56,1
Z0554,37.28,28.77,48.94,22529,68.43,45.59,89.89,82.48,42.46,1
Z0555,44.39,61.09,63.86,34510,53.12,26.55,12.08,78.22,68.77,2
Z0556,41.62,75.53,75.55,10247,36.85,45.73,18.6,94.94,54.21,1
Z0557,39.73,9.04,80.11,39339,81.2,17.49,33.62,32.42,70.3,2
Z0558,41.55,71.41,50.11,21213,79.01,49.88,21.38,62.14,58.07,2
Z0559,36.71,7.64,53.19,26312,89.14,52.05,88.38,94.79,46.54,1
Z0560,40.49,15.13,91.65,40342,34.16,63.78,66.79,70.87,56.46,2
Z0561,40.64,44.26,71.57,25293,92.71,53.35,30.44,27.16,65.19,2
Z0562,38.08,35.92,40.12,5691,20.01,83.38,86.32,47.51,33.52,0
Z0563,39.69,5.62,89.94,36265,43.97,78.93,81.82,67.76,53.86,1
Z0564,42.97,46.12,42.26,41736,54.97,32.49,74.34,71.68,57.3,2
Z0565,43.28,21.54,35.15,45981,39.16,78.81,91.9,84.61,51.47,1
Z0566,41.85,26.35,78.29,22617,53.03,86.81,26.42,43.17,62.8,2
Z0567,41.37,51.33,47.69,45812,59.36,38.86,23.69,97.58,56.33,2
Z0568,35.22,77.92,48.34,13194,77.22,75.44,30.95,32.05,35.57,1
Z0569,39.94,30.64,50.25,37662,99.84,51.73,81.23,46.42,57.11,2
Z0570,43.44,76.37,33.64,30717,25.71,52.31,27.3,87.32,50.43,1
Z0571,43.17,67.12,37.93,21315,50.78,97.75,32.24,99.56,49.78,1
Z0572,36.99,60.15,36.11,48647,98.57,52.55,71.33,44.97,42.52,1
Z0573,38.23,52.19,32.74,41017,61.67,32.8,67.47,35.9,44.2,1
Z0574,43.88,69.77,44.16,12400,38.88,49.07,11.36,83.55,58.39,2
Z0575,40.85,34.69,45.8,7752,66.49,72.17,71.96,32.4,53.15,1
Z0576,42.71,23.65,62.49,49954,69.49,93.78,99.73,70.01,56.52,2
Z0577,35.6,53.34,75.59,12038,30.07,30.94,98.35,83.08,32.56,0
Z0578,42.57,65.41,58.52,17646,21.71,44.0,75.2,40.06,51.0,1
Z0579,35.39,58.0,66.34,40568,75.76,27.08,26.8,47.81,46.02,1
Z0580,42.32,25.65,84.04,41341,32.83,57.8,50.44,85.55,60.55,2
Z0581,40.42,39.06,80.43,38158,50.32,26.7,11.68,88.55,61.74,2
Z0582,42.76,22.91,76.87,48141,97.37,83.71,27.09,74.66,71.17,2
Z0583,42.66,16.56,48.4,31856,71.27,19.94,57.09,25.33,69.47,2
Z0584,43.35,14.73,86.78,18243,28.56,27.25,12.86,71.34,72.57,2
Z0585,38.89,41.74,70.56,43685,40.48,42.97,64.54,25.67,50.02,1
Z0586,44.3,20.66,61.94,10240,57.44,67.5,42.48,79.48,67.74,2
Z0587,43.9,66.65,81.63,8820,85.89,33.92,13.66,25.63,75.8,3
Z0588,38.04,75.85,92.44,11364,28.1,30.79,44.68,35.45,46.5,1
Z0589,41.57,47.75,91.59,41596,79.94,47.37,19.5,71.09,68.03,2
Z0590,38.58,39.4,73.24,11822,33.34,26.24,46.14,47.0,51.23,1
Z0591,36.58,79.88,58.8,28089,92.2,59.51,99.72,87.59,35.11,1
Z0592,39.12,52.49,83.7,26197,68.67,60.68,29.25,81.26,54.3,1
Z0593,44.26,24.06,92.51,34327,96.79,10.02,13.12,42.76,88.12,3
Z0594,35.16,15.13,87.87,5430,44.03,29.97,87.01,21.74,45.22,1
Z0595,43.22,56.73,47.94,41284,60.9,61.36,61.45,27.54,58.82,2
Z0596,39.6,16.71,47.22,43152,39.99,33.06,37.03,65.64,54.1,1
Z0597,40.69,21.31,35.02,26279,83.43,25.56,84.31,75.17,56.9,2
Z0598,40.76,73.07,68.69,24686,22.99,82.75,44.34,82.41,43.25,1
Z0599,44.22,30.08,87.19,33462,53.32,88.1,88.28,38.14,64.68,2
Z0600,41.53,50.17,30.74,46431,50.6,37.43,13.71,63.19,55.99,2
Z0601,36.5,42.68,44.35,8310,73.89,99.76,97.39,80.23,32.09,0
Z0602,40.75,11.76,58.08,30842,31.84,40.26,52.83,79.63,55.69,2
Z0603,40.48,24.69,55.9,33474,81.91,21.73,22.14,64.74,65.79,2
Z0604,39.88,53.92,42.75,45369,99.77,57.18,31.81,41.3,56.96,2
Z0605,39.3,56.36,67.44,12374,73.74,48.12,41.35,45.66,54.4,1
Z0606,40.94,6.82,49.81,27919,69.3,99.11,49.8,31.67,58.19,2
Z0607,35.45,66.36,42.98,29498,32.48,75.56,17.72,79.17,29.42,0
Z0608,37.43,51.58,39.6,23853,21.1,72.44,20.02,56.0,36.61,1
Z0609,35.23,20.68,64.97,18356,63.71,77.53,59.39,69.84,39.7,1
Z0610,44.92,57.13,73.44,29681,66.64,69.72,13.91,33.63,72.17,2
Z0611,37.84,64.19,70.17,8478,57.2,95.07,15.99,72.83,43.25,1
Z0612,41.63,73.47,53.41,12070,21.53,88.07,68.45,38.49,42.53,1
Z0613,38.81,78.25,36.47,25673,58.77,63.74,17.92,35.91,44.01,1
Z0614,44.67,47.05,76.31,7605,39.79,57.65,40.02,51.47,67.02,2
Z0615,36.57,31.01,52.87,45975,44.19,99.64,98.07,42.07,32.74,0
Z0616,35.62,24.33,55.17,6931,95.53,95.42,30.3,47.34,45.88,1
Z0617,38.93,15.29,77.44,39125,96.85,65.12,66.3,38.19,60.58,2
Z0618,37.4,16.46,93.08,44673,46.34,58.8,28.61,31.09,55.36,2
Z0619,40.41,65.01,86.07,25250,75.08,90.88,91.86,54.41,49.67,1
Z0620,44.09,62.75,72.66,42017,93.37,38.57,60.16,95.89,68.09,2
Z0621,36.18,28.82,87.18,6932,81.23,89.21,47.26,52.9,48.2,1
Z0622,39.43,75.03,88.12,22943,32.16,26.91,21.84,22.1,54.1,1
Z0623,44.86,51.27,69.36,45131,38.47,30.9,71.86,48.74,65.35,2
Z0624,41.88,40.75,62.65,44630,57.5,68.46,26.56,51.0,60.5,2
Z0625,39.74,17.28,44.71,31777,81.16,11.35,34.29,53.04,63.29,2
Z0626,42.42,79.12,79.26,9334,34.17,95.92,49.54,69.36,49.4,1
Z0627,41.88,70.01,87.69,33020,52.39,13.76,76.18,50.43,59.63,2
Z0628,38.13,50.86,78.26,43915,62.89,67.73,73.37,23.08,47.67,1
Z0629,36.09,39.27,87.05,21103,61.5,45.61,76.17,64.62,44.26,1
Z0630,40.16,52.3,33.2,24082,55.16,89.6,79.63,42.87,41.83,1
Z0631,36.66,27.08,89.74,38880,92.29,51.72,68.15,27.24,54.89,1
Z0632,40.01,18.48,68.05,40809,30.82,47.22,50.58,34.31,55.58,2
Z0633,40.9,58.45,43.13,34798,27.21,39.17,68.37,76.92,44.89,1
Z0634,36.64,59.99,35.93,34451,70.73,17.68,73.66,78.15,38.88,1
Z0635,44.75,50.91,40.39,41067,50.45,79.14,92.1,65.24,54.86,1
Z0636,41.6,16.26,86.47,16722,81.53,14.62,37.73,78.41,73.39,2
Z0637,44.61,26.66,41.75,13622,96.83,10.32,78.89,20.98,75.65,3
Z0638,39.98,42.4,82.48,44844,90.62,31.41,63.0,58.06,62.19,2
Z0639,39.1,10.96,69.01,21037,90.57,35.03,66.58,85.61,60.16,2
Z0640,37.08,18.86,33.58,27873,22.94,86.84,70.03,87.04,31.84,0
Z0641,37.98,74.03,33.19,32325,99.5,24.52,35.59,72.87,48.1,1
Z0642,42.0,47.92,66.54,34841,79.95,42.42,13.23,81.48,66.14,2
Z0643,38.23,72.31,83.32,33005,87.46,15.84,52.37,29.76,56.14,2
Z0644,43.59,29.69,56.89,18752,75.67,65.08,19.84,78.38,68.8,2
Z0645,41.29,79.04,61.44,44634,94.71,98.77,35.85,68.71,53.54,1
Z0646,38.16,44.4,94.68,28190,94.17,65.29,54.68,78.33,55.25,2
Z0647,39.98,65.6,87.44,20251,76.69,98.13,10.14,21.92,57.79,2
Z0648,41.25,13.84,85.12,45324,99.92,47.26,40.04,64.83,72.47,2
Z0649,41.38,5.85,43.08,23456,40.35,16.11,37.03,64.0,62.25,2
Z0650,42.67,13.54,51.66,30955,77.95,65.44,12.62,34.05,70.91,2
Z0651,38.31,30.35,73.71,36096,83.78,68.11,53.33,70.18,53.33,1
Z0652,43.92,45.27,51.78,32128,94.22,15.04,56.9,65.2,71.42,2
Z0653,41.78,46.64,31.22,42840,74.84,81.96,89.92,48.29,49.66,1
Z0654,44.7,26.03,32.03,29591,70.12,85.82,61.39,51.17,63.23,2
Z0655,40.95,69.84,78.85,25611,76.79,34.43,17.81,90.16,60.99,2
Z0656,38.72,67.21,49.67,39412,44.19,20.1,80.64,82.22,40.96,1
Z0657,44.13,38.28,31.62,36631,92.4,23.87,40.61,58.68,70.88,2
Z0658,43.74,28.28,51.28,11439,85.77,94.42,70.9,30.62,64.47,2
Z0659,42.25,39.45,76.39,39232,29.27,37.99,13.96,87.85,62.08,2
Z0660,43.72,30.0,87.8,11756,61.65,69.31,38.12,66.2,70.02,2
Z0661,38.12,71.91,50.86,17618,42.93,57.9,79.55,73.69,35.22,1
Z0662,37.73,16.81,37.44,45825,64.77,19.21,58.83,63.95,49.99,1
Z0663,37.71,75.75,82.26,42623,39.59,16.41,65.19,47.1,44.53,1
Z0664,39.44,14.76,60.6,49269,24.04,44.52,17.75,51.35,55.0,1
Z0665,42.05,71.85,70.92,34218,69.31,38.12,83.57,77.03,55.38,2
Z0666,41.71,45.01,93.29,35519,65.42,18.36,82.21,75.89,63.33,2
Z0667,35.97,28.28,71.89,35500,57.64,95.27,22.93,91.66,41.7,1
Z0668,37.58,32.26,41.92,48593,46.43,87.47,39.23,59.0,40.53,1
Z0669,35.65,13.47,61.11,16193,42.58,41.38,61.72,60.64,42.15,1
Z0670,39.06,58.57,36.95,41447,71.96,81.32,57.95,52.07,43.19,1
Z0671,39.13,51.57,65.62,36612,50.71,40.66,83.25,67.28,46.36,1
Z0672,42.84,37.65,81.18,40686,75.53,25.58,70.26,79.15,67.85,2
Z0673,42.12,67.76,37.43,44064,57.03,59.96,83.98,34.09,49.26,1
Z0674,44.56,10.22,37.07,44086,81.71,44.1,54.49,72.81,71.46,2
Z0675,35.91,66.28,87.67,46689,84.79,78.14,69.48,56.24,41.07,1
Z0676,37.92,51.17,59.07,18478,74.52,38.49,61.32,93.06,46.47,1
Z0677,38.05,75.75,58.26,27561,99.22,62.45,65.03,60.83,45.61,1
Z0678,43.48,68.94,34.06,40971,97.43,10.08,60.4,98.3,62.85,2
Z0679,36.1,26.17,32.03,33292,76.18,45.48,38.63,50.62,44.65,1
Z0680,38.82,45.88,73.06,36121,31.13,59.99,85.9,48.82,43.16,1
Z0681,39.17,26.64,86.73,13227,30.74,16.46,11.41,77.71,59.47,2
Z0682,39.87,37.76,94.36,10548,30.98,82.53,87.41,91.49,46.17,1
Z0683,41.95,74.77,70.51,34779,60.75,59.68,50.5,48.42,55.9,2
Z0684,36.86,50.34,67.57,20515,76.97,34.23,93.39,66.11,43.63,1
Z0685,35.33,7.84,61.41,29155,29.05,53.34,72.14,31.37,39.28,1
Z0686,42.31,78.77,93.94,23312,57.19,17.04,90.09,27.08,60.73,2
Z0687,39.72,60.63,92.43,10117,74.73,58.53,62.17,69.04,54.63,1
Z0688,44.04,45.13,30.7,34755,61.01,52.23,76.04,53.68,58.58,2
Z0689,44.61,64.87,48.8,7315,75.6,63.79,37.37,82.8,63.49,2
Z0690,37.6,52.2,67.58,42542,24.13,99.13,82.8,69.95,32.05,0
Z0691,37.87,11.19,62.86,23209,40.16,65.42,34.77,40.56,50.33,1
Z0692,42.41,50.29,89.16,14904,72.73,43.28,25.79,82.6,67.95,2
Z0693,37.36,18.56,64.28,7168,47.43,17.6,23.06,94.72,52.26,1
Z0694,36.54,42.2,94.58,30111,39.04,49.62,67.38,36.87,44.79,1
Z0695,42.34,30.88,71.75,12601,24.2,51.76,52.86,58.1,58.42,2
Z0696,44.48,74.18,45.19,49794,76.45,52.71,23.06,89.62,63.51,2
Z0697,35.12,74.54,59.17,49465,45.26,57.72,96.03,27.79,28.07,0
Z0698,40.31,31.54,84.88,45008,93.44,87.25,40.15,41.37,63.15,2
Z0699,35.98,54.08,55.42,49255,79.93,76.09,62.99,35.59,39.45,1
Z0700,38.37,56.77,41.69,40888,20.85,10.76,16.12,52.9,45.65,1
Z0701,40.25,56.41,52.85,23566,40.15,13.06,65.75,24.55,52.14,1
Z0702,40.94,72.05,44.09,44281,71.05,73.73,20.8,88.52,50.41,1
Z0703,36.3,54.23,88.49,42097,84.26,26.63,19.98,34.74,55.28,2
Z0704,37.95,54.54,34.92,34716,93.82,34.87,48.43,92.27,47.02,1
Z0705,42.7,29.26,40.53,9849,42.18,15.61,44.97,99.68,60.07,2
Z0706,37.58,65.96,41.57,9548,59.34,93.57,64.93,34.28,35.42,1
Z0707,39.92,15.79,79.97,19312,69.12,19.56,49.74,40.72,65.79,2
Z0708,35.35,10.28,77.29,34221,21.5,54.79,68.76,20.07,40.96,1
Z0709,35.38,34.29,39.85,26615,92.37,61.72,56.38,95.19,39.26,1
Z0710,39.91,37.7,84.86,9594,63.21,10.3,95.87,85.44,56.39,2
Z0711,39.82,47.54,90.78,28522,46.68,37.25,14.97,99.76,57.74,2
Z0712,41.47,32.4,85.47,27286,26.44,51.37,78.99,71.82,54.71,1
Z0713,36.77,7.95,54.97,17517,43.91,45.11,19.61,75.11,48.71,1
Z0714,39.87,71.39,58.47,17416,31.2,27.38,74.78,67.44,43.75,1
Z0715,39.89,9.72,65.14,25167,59.97,96.85,83.06,97.33,49.13,1
Z0716,35.16,30.45,51.95,7805,52.44,29.05,68.85,61.85,38.7,1
Z0717,44.4,70.27,64.88,42968,38.64,16.48,76.19,59.11,60.97,2
Z0718,35.19,73.04,70.19,20904,76.1,21.75,25.5,24.0,45.64,1
Z0719,38.07,64.53,59.65,16186,86.83,15.76,83.57,29.13,50.12,1
Z0720,40.95,51.17,34.1,18280,54.1,83.04,98.4,74.27,41.55,1
Z0721,38.24,78.19,67.44,14000,45.73,96.82,29.19,23.65,41.19,1
Z0722,36.73,9.74,47.8,32207,33.44,43.29,24.85,39.49,47.14,1
Z0723,40.82,15.0,81.42,46431,69.0,79.99,11.41,58.96,65.68,2
Z0724,35.06,18.46,35.79,47713,67.5,35.54,72.42,83.38,37.95,1
Z0725,39.76,14.52,39.3,22756,61.85,47.08,94.43,68.84,49.68,1
Z0726,35.38,18.5,62.49,10768,70.18,80.43,41.31,20.37,45.06,1
Z0727,37.36,13.81,64.46,11270,69.51,87.65,98.81,60.6,43.42,1
Z0728,39.64,51.98,43.53,8477,35.5,81.7,71.67,97.49,37.77,1
Z0729,39.74,18.22,73.56,7825,24.32,42.78,28.86,40.11,57.01,2
Z0730,41.17,71.76,59.45,11843,79.23,93.24,25.83,82.84,52.5,1
Z0731,39.85,13.7,88.18,34151,67.42,39.34,27.89,74.15,65.41,2
Z0732,38.26,63.42,51.2,11426,38.97,47.13,28.0,91.31,41.7,1
Z0733,35.74,48.88,33.53,33564,31.6,93.51,50.95,50.99,27.65,0
Z0734,36.36,58.99,71.08,22674,36.18,21.45,72.3,24.77,40.72,1
Z0735,36.37,68.87,59.81,16219,80.83,29.79,36.56,32.54,46.6,1
Z0736,42.95,76.46,88.86,42887,97.61,86.95,17.78,88.56,65.44,2
Z0737,39.89,79.67,68.45,35327,42.33,75.7,76.26,39.73,42.16,1
Z0738,38.27,48.46,87.97,43782,95.7,92.24,90.84,53.42,49.12,1
Z0739,35.44,79.35,77.68,38044,22.69,57.8,53.13,83.84,29.19,0
Z0740,43.21,38.93,45.63,41601,80.25,72.38,46.6,37.44,63.91,2
Z0741,38.58,22.93,94.93,6043,58.38,37.44,73.3,88.63,54.8,1
Z0742,42.47,6.83,59.56,14084,89.94,46.48,81.09,49.63,68.58,2
Z0743,39.64,52.51,85.92,9633,50.79,72.17,57.78,43.73,51.38,1
Z0744,42.53,57.35,69.81,42698,83.56,80.89,17.29,90.47,62.65,2
Z0745,42.36,9.11,91.45,49214,49.12,14.64,44.47,57.23,73.02,2
Z0746,35.41,32.48,72.13,9391,64.86,79.62,22.46,46.79,44.36,1
Z0747,40.4,53.68,77.93,43018,89.69,73.26,77.79,80.87,54.13,1
Z0748,38.2,72.34,62.73,32717,42.17,15.7,41.07,58.9,45.88,1
Z0749,40.27,14.2,76.14,49453,86.03,90.95,50.68,49.45,61.36,2
Z0750,41.73,56.99,93.58,9300,35.07,89.56,17.86,51.25,57.64,2
Z0751,36.79,76.87,35.0,15798,42.08,72.74,54.67,90.0,28.15,0
Z0752,40.21,52.05,49.06,49721,63.31,21.88,41.2,55.51,55.59,2
Z0753,41.45,26.86,34.09,20225,86.8,56.77,40.23,66.3,60.43,2
Z0754,41.56,64.01,61.6,48637,75.75,85.77,50.07,44.33,54.87,1
Z0755,36.32,64.2,41.16,22039,38.14,43.47,35.93,87.64,33.9,0
Z0756,36.48,26.33,92.15,45542,93.93,74.06,35.67,97.86,52.55,1
Z0757,43.39,56.96,73.31,15058,32.9,20.52,99.44,65.96,57.27,2
Z0758,39.41,32.73,43.34,7273,73.24,98.02,23.31,55.87,50.88,1
Z0759,44.75,45.02,37.9,6633,52.36,54.95,23.08,56.64,65.41,2
Z0760,38.2,5.32,78.0,38253,46.5,73.49,52.65,43.19,52.71,1
Z0761,44.44,78.55,67.29,14639,83.97,75.57,93.01,47.09,60.01,2
Z0762,36.12,40.92,32.61,49433,64.08,37.73,46.15,87.27,38.98,1
Z0763,39.46,11.94,33.58,47029,35.61,57.38,80.32,81.37,44.13,1
Z0764,36.96,11.27,85.21,49372,73.72,17.86,56.06,35.56,58.85,2
Z0765,38.18,50.38,91.32,48697,48.89,23.32,86.84,49.57,49.51,1
Z0766,38.73,26.35,52.84,34201,89.94,17.88,75.51,55.54,56.53,2
Z0767,44.93,65.28,48.76,32776,78.29,47.28,85.2,67.83,62.4,2
Z0768,36.44,27.74,94.24,39426,98.93,15.95,96.41,80.49,53.86,1
Z0769,35.88,35.71,89.44,32165,33.99,51.59,61.11,93.19,39.88,1
Z0770,36.99,67.42,48.82,37151,23.38,84.36,85.11,44.31,27.53,0
Z0771,40.59,39.76,31.74,5160,32.32,37.02,67.65,70.92,46.41,1
Z0772,36.24,54.94,48.7,16755,59.35,71.91,32.03,29.55,39.82,1
Z0773,37.77,79.57,34.34,28708,66.49,60.9,88.15,70.24,33.09,0
Z0774,39.76,57.07,37.77,38588,78.64,11.58,33.36,66.53,55.36,2
Z0775,36.46,39.58,75.06,28421,33.06,34.54,47.76,92.97,41.79,1
Z0776,38.56,26.74,64.42,10034,61.11,78.98,26.49,27.56,53.57,1
Z0777,42.53,45.78,86.71,49890,83.99,34.43,72.82,49.0,68.14,2
Z0778,40.34,31.37,39.34,13975,61.45,43.57,53.64,47.23,54.36,1
Z0779,44.11,12.68,40.05,19490,86.53,81.56,60.28,75.17,66.46,2
Z0780,44.52,68.46,76.32,12468,53.39,92.44,20.49,30.5,64.94,2
Z0781,35.17,31.12,74.92,14110,85.36,90.08,63.79,81.09,40.46,1
Z0782,38.42,58.24,31.87,12772,37.79,87.11,22.81,38.13,39.07,1
Z0783,36.25,14.77,35.11,12321,26.22,79.72,78.16,23.4,33.79,0
Z0784,36.08,64.48,63.38,8884,57.53,91.77,13.9,44.13,38.93,1
Z0785,35.1,12.24,38.05,44439,36.43,91.11,26.63,48.12,35.46,1
Z0786,35.91,68.44,91.22,42994,47.83,24.45,55.06,78.28,41.45,1
Z0787,37.42,47.77,36.44,42888,81.06,57.6,74.42,97.14,39.66,1
Z0788,36.72,61.55,30.28,11467,93.94,92.84,86.62,57.98,33.71,0
Z0789,41.98,18.88,73.78,12033,34.47,41.93,44.17,37.14,63.88,2
Z0790,37.28,13.46,94.0,13101,57.27,56.78,54.62,48.9,53.91,1
Z0791,37.88,59.16,35.35,37355,29.26,35.53,64.04,44.96,37.26,1
Z0792,44.76,38.3,66.0,24044,98.8,48.52,87.11,91.58,70.12,2
Z0793,43.02,75.43,53.88,5837,99.9,54.25,19.47,55.04,65.7,2
Z0794,41.59,11.38,39.32,31255,75.6,97.98,76.73,91.39,53.25,1
Z0795,36.69,32.28,42.94,18124,67.6,99.16,21.05,87.05,40.43,1
Z0796,42.25,25.89,76.38,43136,67.49,78.07,82.09,95.46,58.66,2
Z0797,38.56,55.0,91.76,36754,60.91,23.26,50.92,29.78,56.43,2
Z0798,39.89,22.31,91.26,6947,27.97,14.76,16.14,74.25,62.42,2
Z0799,44.72,33.7,74.15,15009,44.22,66.09,78.42,72.89,63.77,2
Z0800,40.2,41.91,60.29,24238,72.97,54.12,33.55,47.49,58.16,2
Z0801,43.6,46.0,91.92,7070,99.26,89.21,20.72,56.01,73.77,2
Z0802,43.53,38.19,32.34,16591,64.53,87.43,37.27,76.48,58.09,2
Z0803,39.91,15.09,76.52,36945,81.12,61.2,54.15,64.3,61.38,2
Z0804,40.39,40.24,66.55,15243,60.53,45.22,54.52,97.67,54.35,1
Z0805,41.17,31.46,93.56,26003,24.91,63.14,21.54,49.31,60.63,2
Z0806,43.1,48.8,79.74,45970,47.3,18.76,41.06,48.59,67.61,2
Z0807,38.51,54.59,46.09,47472,44.97,17.64,71.92,89.52,42.58,1
Z0808,36.14,17.73,65.0,7449,56.87,87.7,61.12,92.11,39.57,1
Z0809,37.67,57.2,68.22,25743,50.22,45.13,61.53,84.67,42.29,1
Z0810,36.0,55.63,51.84,37949,84.92,70.06,25.0,43.96,43.47,1
Z0811,44.69,20.13,71.3,9936,87.23,58.23,35.86,23.8,79.24,3
Z0812,44.96,35.15,44.68,11026,77.42,62.04,63.27,41.87,68.3,2
Z0813,40.66,44.83,57.76,27761,83.65,68.64,37.17,84.33,56.68,2
Z0814,39.33,45.5,43.01,31365,40.1,56.38,70.44,63.8,42.76,1
Z0815,43.81,52.09,63.55,17225,66.15,29.17,96.59,79.38,61.52,2
Z0816,39.67,75.29,64.63,45266,88.22,91.62,94.12,78.13,43.17,1
Z0817,35.6,20.05,60.06,20753,32.04,71.68,37.02,54.83,38.99,1
Z0818,38.19,67.27,34.19,18340,87.68,34.02,35.83,32.85,49.12,1
Z0819,41.87,22.71,45.5,14827,35.35,32.1,84.45,57.13,54.82,1
Z0820,40.6,37.71,72.05,7425,36.16,34.54,12.62,83.17,58.49,2
Z0821,37.78,46.3,71.88,7767,97.1,53.73,11.79,88.77,55.74,2
Z0822,35.84,50.12,86.37,31673,91.74,70.45,89.71,51.75,43.11,1
Z0823,43.4,68.21,45.34,42419,78.76,93.96,56.98,86.32,54.17,1
Z0824,44.5,74.87,46.37,10914,39.05,21.0,82.6,46.34,57.39,2
Z0825,40.84,34.25,78.64,20462,94.84,29.62,19.61,37.13,71.64,2
Z0826,37.75,35.63,86.09,8665,59.23,43.72,95.38,45.32,48.51,1
Z0827,39.24,56.21,92.62,14496,49.04,74.41,83.92,21.69,48.61,1
Z0828,44.67,50.44,84.7,48399,83.92,14.92,92.57,73.73,72.29,2
Z0829,37.53,33.85,71.53,28780,92.25,71.67,58.14,38.91,52.15,1
Z0830,39.42,5.59,92.45,21746,44.07,94.27,78.1,43.79,53.48,1
Z0831,43.59,17.02,58.52,25786,90.36,79.01,46.57,22.71,71.87,2
Z0832,43.66,66.74,91.13,35873,78.96,93.38,39.94,53.79,65.47,2
Z0833,44.19,12.53,40.42,22102,60.51,41.67,64.19,85.07,65.98,2
Z0834,42.38,38.99,31.78,8414,71.31,26.54,49.91,71.29,60.54,2
Z0835,35.03,20.01,49.86,42736,26.58,24.2,56.47,97.57,35.61,1
Z0836,43.31,62.24,85.05,49941,52.83,94.55,50.63,89.88,57.25,2
Z0837,36.34,18.01,68.55,26468,83.96,27.88,47.3,34.55,54.93,1
Z0838,43.76,75.86,87.48,19711,21.66,12.07,60.27,68.96,60.6,2
Z0839,37.29,11.67,60.06,22156,76.1,25.19,46.09,54.31,55.69,2
Z0840,37.6,11.68,53.91,42174,29.39,74.67,49.16,93.6,41.48,1
Z0841,39.54,55.52,37.7,18313,35.24,87.57,80.39,43.04,37.28,1
Z0842,39.94,14.76,85.66,44327,37.25,84.17,75.4,35.15,53.33,1
Z0843,36.8,64.43,31.87,22157,38.84,50.59,32.35,66.63,34.73,0
Z0844,41.47,11.43,60.48,26184,97.95,45.78,29.1,50.68,71.44,2
Z0845,39.23,49.79,34.75,41503,24.7,39.96,31.14,92.66,42.41,1
Z0846,44.97,75.45,92.87,44205,76.77,82.89,10.48,60.36,71.67,2
Z0847,38.81,78.31,73.63,13666,97.44,60.36,62.24,40.82,51.04,1
Z0848,40.04,74.77,87.06,13645,27.17,73.92,48.96,40.83,46.7,1
Z0849,38.13,78.39,62.45,23415,79.83,93.36,35.46,90.15,41.59,1
Z0850,41.13,62.12,47.14,25513,54.86,24.85,76.32,59.3,51.29,1
Z0851,44.5,46.68,89.99,46723,83.86,14.79,23.38,38.39,81.84,3
Z0852,35.36,24.52,75.89,33601,29.28,90.57,54.54,55.32,35.9,1
Z0853,44.89,47.06,59.75,12372,87.67,88.02,21.13,27.49,72.43,2
Z0854,43.68,18.55,40.94,38340,85.81,60.69,69.68,36.99,67.39,2
Z0855,44.98,5.31,79.85,16833,53.31,16.92,79.14,74.15,75.8,3
Z0856,43.87,6.95,74.29,49606,29.76,43.62,93.62,28.49,66.04,2
Z0857,38.24,7.17,59.92,48223,58.39,66.55,34.24,72.64,52.67,1
Z0858,38.29,8.29,70.45,34694,45.99,75.84,76.09,96.59,46.08,1
Z0859,40.69,20.85,33.16,47181,42.64,81.83,76.94,63.77,46.25,1
Z0860,41.02,11.94,46.59,20733,97.2,87.9,18.03,88.19,62.84,2
Z0861,36.63,63.46,48.52,47864,32.33,36.87,82.1,78.87,31.66,0
Z0862,44.22,72.78,69.23,28530,73.24,84.88,56.14,59.17,61.04,2
Z0863,43.85,40.73,66.6,32726,27.22,48.03,43.14,34.91,63.66,2
Z0864,41.31,11.97,63.37,35377,74.12,68.28,74.23,94.45,58.77,2
Z0865,40.27,53.54,35.46,35685,54.99,91.65,52.99,31.89,45.3,1
Z0866,36.28,72.72,84.7,39281,54.22,61.17,59.59,93.38,37.02,1
Z0867,40.13,43.3,56.85,35451,72.87,61.16,32.8,40.39,56.95,2
Z0868,35.82,42.76,37.41,48357,57.03,80.76,85.86,23.62,32.36,0
Z0869,39.16,57.83,50.41,34818,80.59,50.5,82.71,47.31,47.78,1
Z0870,44.18,65.75,43.72,10126,79.76,64.36,88.45,28.51,59.5,2
Z0871,40.34,5.44,37.58,16254,72.46,51.41,46.46,72.62,58.3,2
Z0872,42.44,59.44,49.68,45418,48.86,70.64,72.13,51.6,51.34,1
Z0873,38.03,14.38,30.9,12334,85.28,72.64,26.94,22.15,53.28,1
Z0874,39.81,15.89,45.72,46029,88.66,58.47,17.75,81.58,60.51,2
Z0875,36.48,36.64,37.57,14989,79.1,50.07,53.65,21.57,45.0,1
Z0876,39.5,23.2,49.16,30672,24.07,10.71,66.74,77.05,49.39,1
Z0877,44.79,68.65,77.91,44048,78.49,99.91,13.33,51.97,68.62,2
Z0878,40.13,59.35,90.79,36975,38.55,15.46,11.71,66.11,59.88,2
Z0879,40.53,25.09,72.14,36020,29.36,66.04,68.16,55.87,51.85,1
Z0880,39.36,17.1,77.2,35752,47.51,30.89,29.77,92.73,58.53,2
Z0881,38.39,50.16,84.76,48054,57.48,89.49,75.07,51.23,44.97,1
Z0882,39.17,75.59,72.41,28609,83.68,81.98,86.01,69.75,44.29,1
Z0883,37.82,61.19,73.36,13460,33.86,24.07,54.3,83.48,43.37,1
Z0884,44.43,42.03,45.26,41492,23.76,11.63,89.28,48.56,59.82,2
Z0885,36.59,67.1,88.14,7095,84.55,40.4,20.26,38.14,52.62,1
Z0886,40.62,41.48,94.59,28281,81.55,79.31,60.13,91.71,58.53,2
Z0887,43.53,70.53,69.28,11825,76.51,93.4,49.4,56.57,59.78,2
Z0888,43.42,13.32,36.88,45014,68.77,87.25,19.17,65.0,65.21,2
Z0889,40.07,17.53,37.67,18460,92.88,24.13,36.29,55.32,63.36,2
Z0890,40.06,59.94,36.45,47407,49.1,83.72,21.07,36.15,46.73,1
Z0891,44.7,62.69,30.43,36042,47.31,55.45,17.67,49.79,61.54,2
Z0892,42.55,32.05,73.22,14935,80.26,57.67,80.85,31.04,65.46,2
Z0893,39.29,73.85,88.37,38826,83.57,42.56,12.68,31.65,60.47,2
Z0894,35.1,65.47,91.34,10556,47.06,46.15,79.51,54.73,35.94,1
Z0895,38.93,7.78,89.96,14892,92.2,15.2,66.84,77.07,65.9,2
Z0896,41.6,43.98,49.22,31345,90.86,73.07,88.62,77.72,54.17,1
Z0897,38.14,30.81,83.76,39589,68.83,23.22,46.35,71.51,57.14,2
Z0898,43.88,51.83,70.18,33976,75.8,89.89,80.34,52.36,61.11,2
Z0899,36.97,27.61,32.4,26921,51.2,74.7,89.19,61.64,34.85,0
Z0900,40.41,21.03,63.26,25463,61.71,78.13,24.4,22.23,60.45,2
Z0901,42.97,49.44,45.69,24919,78.12,98.83,19.94,24.8,61.94,2
Z0902,38.73,52.02,53.04,8128,80.52,94.72,50.39,65.79,45.62,1
Z0903,35.05,30.42,45.35,43115,65.25,90.49,66.5,62.66,33.35,0
Z0904,40.96,31.28,48.49,42536,73.79,74.29,56.77,39.81,56.42,2
Z0905,38.28,48.68,83.48,28676,56.34,23.19,48.31,52.96,53.71,1
Z0906,35.92,36.87,38.45,19076,55.69,43.24,57.36,67.06,37.95,1
Z0907,40.19,34.61,47.14,37691,70.92,99.69,72.01,95.83,46.12,1
Z0908,42.32,36.27,40.58,38147,30.17,74.0,21.64,76.36,53.74,1
Z0909,43.63,13.85,43.82,36021,22.61,24.12,60.31,93.74,60.65,2
Z0910,36.19,68.92,37.17,29221,65.74,13.63,23.8,49.72,42.43,1
Z0911,44.91,27.74,61.59,14363,31.37,63.07,14.38,91.54,67.19,2
Z0912,43.89,21.17,83.24,37033,20.17,59.28,16.08,23.57,70.29,2
Z0913,39.81,28.23,59.4,27139,82.51,52.77,74.8,68.46,55.31,2
Z0914,42.62,42.86,59.96,34486,73.38,23.41,75.51,27.15,65.18,2
Z0915,41.25,51.77,55.17,30912,47.12,14.12,70.34,55.45,55.1,2
Z0916,37.77,11.64,40.76,6625,65.76,81.65,73.67,64.88,43.78,1
Z0917,36.24,46.95,42.51,45547,63.35,78.19,96.16,61.74,32.03,0
Z0918,42.51,42.7,31.21,48139,94.89,26.18,11.71,82.94,67.09,2
Z0919,37.45,57.92,87.7,34113,26.77,58.02,38.84,67.11,42.8,1
Z0920,39.91,75.04,52.1,16829,53.19,87.37,38.56,40.57,44.66,1
Z0921,36.15,12.45,40.93,14439,34.61,79.15,23.88,96.17,37.79,1
Z0922,41.79,9.42,92.47,16892,22.17,15.27,45.09,45.6,67.83,2
Z0923,39.13,29.32,54.41,12927,24.15,31.57,63.73,38.92,48.3,1
Z0924,40.09,42.83,91.71,22648,24.85,51.83,46.64,58.73,53.53,1
Z0925,39.07,22.53,87.6,22639,64.33,62.76,19.14,81.04,59.39,2
Z0926,41.52,14.42,66.94,34227,26.71,67.22,28.31,97.43,57.01,2
Z0927,38.73,78.9,80.83,40227,96.21,96.52,59.96,23.34,49.1,1
Z0928,43.13,77.08,70.35,47798,97.77,10.05,94.02,58.57,64.7,2
Z0929,40.98,67.96,54.71,28030,87.4,29.15,85.66,42.5,55.45,2
Z0930,36.61,45.06,34.55,10879,51.62,21.07,22.57,64.52,43.42,1
Z0931,37.79,37.4,69.68,25860,90.71,95.09,67.17,98.37,45.69,1
Z0932,42.08,25.48,73.05,26078,47.33,51.38,63.96,21.27,62.87,2
Z0933,41.92,53.48,30.13,36229,20.34,10.86,25.62,64.46,53.43,1
Z0934,41.96,41.67,55.53,10318,82.98,68.42,16.98,22.48,65.76,2
Z0935,43.32,55.37,73.7,28133,97.76,43.87,64.12,50.94,69.03,2
Z0936,43.39,65.89,93.95,13176,57.02,94.26,50.01,37.72,61.62,2
Z0937,35.2,26.09,89.89,28450,35.32,83.47,66.27,84.67,36.26,1
Z0938,37.21,78.51,92.87,7411,42.46,91.41,73.63,36.73,36.82,1
Z0939,36.96,66.58,55.75,23176,65.53,54.46,59.66,72.79,39.03,1
Z0940,40.66,56.18,66.73,9283,67.05,77.14,21.47,94.69,54.02,1
Z0941,43.55,71.08,77.38,22978,35.35,71.02,99.28,75.44,51.11,1
Z0942,40.33,23.97,66.41,34748,20.16,48.44,70.58,72.0,49.88,1
Z0943,43.54,29.22,84.88,31665,41.92,71.22,51.99,48.92,65.49,2
Z0944,42.59,71.29,44.6,23214,93.47,57.92,38.46,51.35,60.58,2
Z0945,38.35,71.01,82.5,19786,98.25,48.14,16.7,40.0,58.02,2
Z0946,36.64,28.31,70.69,11339,22.23,48.88,12.16,83.78,44.33,1
Z0947,44.35,68.04,46.06,36036,39.07,40.67,14.9,46.69,62.72,2
Z0948,42.94,75.77,80.42,45603,55.08,18.61,50.18,29.99,64.41,2
Z0949,44.75,73.75,54.53,9261,82.61,15.58,82.21,24.38,67.75,2
Z0950,41.11,37.39,36.62,8656,64.74,36.54,44.33,27.67,58.45,2
Z0951,42.52,22.48,68.97,48235,69.92,50.81,51.78,54.25,67.05,2
Z0952,41.2,12.6,72.31,49287,82.63,50.87,39.54,35.4,69.15,2
Z0953,36.03,49.64,34.39,17688,92.35,21.34,55.8,48.43,44.51,1
Z0954,39.81,51.56,42.09,14022,83.76,15.44,38.05,54.87,57.49,2
Z0955,44.6,61.58,50.23,40464,82.04,23.27,37.78,47.43,70.92,2
Z0956,38.69,5.61,68.12,49453,31.57,31.36,83.73,64.76,50.43,1
Z0957,35.55,30.79,93.47,46979,92.68,80.67,40.74,73.43,49.13,1
Z0958,41.95,78.64,68.98,26701,88.16,60.95,40.21,43.97,60.3,2
Z0959,38.29,12.86,86.95,7765,59.67,92.8,67.49,75.46,50.12,1
Z0960,39.67,20.99,61.25,26726,84.58,43.83,46.03,86.09,59.43,2
Z0961,35.07,5.74,53.26,41352,29.22,36.15,27.5,66.85,42.0,1
Z0962,42.66,8.29,31.93,17964,42.73,29.71,33.58,33.94,64.9,2
Z0963,43.48,23.45,42.74,16539,87.43,91.96,11.89,74.2,67.34,2
Z0964,38.79,64.06,37.21,18778,44.41,31.61,82.85,72.87,38.91,1
Z0965,44.41,78.28,94.85,33424,90.27,15.88,23.0,93.93,75.68,3
Z0966,42.95,19.38,54.58,29527,45.44,48.66,67.25,93.68,59.67,2
Z0967,42.63,49.05,85.54,24279,83.17,39.49,14.79,83.65,71.23,2
Z0968,43.73,68.86,92.94,37046,36.74,17.33,52.36,73.08,64.69,2
Z0969,35.65,43.15,78.84,47275,80.09,43.68,56.7,34.32,47.56,1
Z0970,42.12,44.41,61.41,37426,57.9,62.31,67.43,83.25,55.47,2
Z0971,41.5,20.54,88.17,34627,89.05,45.63,37.54,91.1,70.12,2
Z0972,40.71,75.16,54.32,41080,26.78,77.65,36.55,61.51,43.54,1
Z0973,37.3,8.09,63.3,27044,54.09,52.08,46.81,84.36,49.19,1
Z0974,38.17,33.68,41.67,20321,41.25,16.83,91.13,43.56,43.92,1
Z0975,40.02,46.0,35.08,23115,94.13,18.86,16.42,23.06,62.85,2
Z0976,37.0,19.75,51.4,24838,79.62,79.16,86.09,35.25,44.41,1
Z0977,41.04,15.34,85.57,40594,92.99,10.77,36.95,85.78,73.54,2
Z0978,42.83,35.29,56.37,43007,80.62,11.07,68.87,99.14,65.8,2
Z0979,44.51,69.91,44.79,18754,57.96,56.42,80.74,80.61,55.72,2
Z0980,42.23,39.61,81.47,25517,87.66,48.59,94.77,53.42,64.1,2
Z0981,39.39,68.97,31.96,14106,66.2,21.55,94.9,20.77,44.85,1
Z0982,43.1,67.57,52.09,32469,54.06,77.74,78.66,75.24,50.7,1
Z0983,38.0,49.02,66.89,7110,93.77,23.83,95.74,46.42,51.46,1
Z0984,41.3,50.23,69.51,30617,98.41,28.38,45.16,62.76,66.06,2
Z0985,36.88,13.15,67.02,34591,71.12,37.42,25.43,73.99,54.41,1
Z0986,36.78,66.99,69.22,6758,34.94,16.25,96.67,42.71,37.48,1
Z0987,37.33,54.47,34.55,8765,49.49,10.99,39.41,92.78,41.75,1
Z0988,38.91,79.22,38.39,32421,58.26,16.19,95.96,89.26,38.67,1
Z0989,36.3,20.43,58.09,48567,57.98,64.33,94.52,67.0,39.01,1
Z0990,40.02,56.36,47.9,5487,99.29,50.12,84.21,68.39,51.85,1
Z0991,37.47,29.67,67.0,37175,56.82,61.85,76.36,43.03,45.56,1
Z0992,43.81,39.22,75.52,24493,51.29,84.11,86.49,53.2,59.85,2
Z0993,36.8,51.33,58.08,30209,92.87,26.51,61.18,51.48,48.99,1
Z0994,44.46,22.98,86.59,22942,90.6,58.4,70.0,25.34,77.4,3
Z0995,42.27,72.67,89.07,31953,99.39,59.75,99.58,26.12,61.93,2
Z0996,36.05,62.49,51.19,34552,33.19,28.66,14.02,22.14,41.06,1
Z0997,41.39,55.67,60.02,27521,79.68,87.02,45.7,20.86,57.46,2
Z0998,36.15,73.79,51.26,35424,58.78,16.14,59.36,39.38,39.36,1
Z0999,44.5,15.52,83.33,15575,33.65,11.63,19.05,43.53,78.48,3
Z1000,40.35,34.31,35.04,5734,74.19,23.81,42.23,37.33,58.81,2
